ing1,ing2,result
물,물,강
수증기,공기,구름
공기,압력,대기/바람
흙,흙,땅
흙,바람,모래
강,강,바다
진흙,불,벽돌
구름,물,비
모래,모래,사막
물,불,수증기
땅,비,식물
땅,구름,안개
공기,공기,압력
공기,불,에너지
사막,물,오아시스
땅,에너지,지진
흙,물,진흙
에너지,바람,태풍
먼지,불,화약
공기,모래,황사
바람,모래,황사
도시,도시,국가
하늘,태양,낮
하늘,돌,달
벽,강,댐
마을,마을,도시
마그마,공기,돌
불,땅,마그마
집,집,마을
공기,흙,먼지
공기,뱀파이어,먼지
태양,흙,먼지
태양,뱀파이어,먼지
식물,구름,목화
하늘,달,밤
하늘,시간,밤
벽돌,벽돌,벽
밤,하늘,별
밤,우주망원경,별
공기,먼지,스모그
공기,매연가스,스모그
안개,먼지,스모그
안개,매연가스,스모그
마그마,물,옵시디언
별,하늘,우주
별,달,우주
별,태양,우주
모래,불,유리
벽,벽,집
돌,불,철
하늘,불,태양
구름,공기,하늘
풀,태양,건초
사람,시간,노인
철,공기,녹슮
철,산소,녹슮
사람,갈퀴,농부
사람,식물,농부
사람,농장,농부
식물,진흙,늪지
철,사람,도구
모래,유리,모래시계/시간
땅,생명,사람
하늘,생명,새
늪지,에너지,생명
바다,에너지,생명
식물,압력,석탄
사람,불,소방관
사람,물,수영
사람,에너지,슈퍼맨
수증기,땅,온천
풀,풀,잔디밭
도구,돌,조각
사람,새,천사/하피
식물,땅,풀
도시,사람,회사원
칼날,나무,검
군인,군인,군대
기관총,사람,군인
총,탄창,기관총
식물,시간,나무
식물,물,나무
석탄,압력,다이아몬드
칼날,목재,도끼
도끼,사람,목수
나무,도구,목재
피,사람,뱀파이어
새,철,비행기
사람,총,시체
석탄,목재,연필
우주,생명,외계인
검,사람,전사
총알,철,총
화약,철,총알
철,돌,칼날
총알,총알,탄창
비행기,사람,파일럿
칼날,사람,피
칼날,칼날,가위
알,불,계란후라이
묘지,묘지,공동묘지
나무,태양,과일
시체,흙,묘지
바다,알,물고기알
강,알,물고기알
철,다이아몬드,반지
금,다이아몬드,반지
지진,땅,산
산,산,산맥
바다,태양,소금
바다,불,소금
나무,나무,숲
유리,유리,안경
새,새,알
도마뱀,도마뱀,알
숲,생명,야생동물
전기,유리,전구
철,에너지,전기
전기,사람,전기기술자
모래,진흙,점토
식물,식물,정원
시체,생명,좀비
목재,압력,종이
농부,생명,가축
농부,야생동물,가축
건초,도구,갈퀴
철,도구,갈퀴
연못,야생동물,개구리
과일,나무,과일나무
정원,식물,꽃
땅,도구,농장
땅,농부,농장
목재,벽,담장
목재,강,뗏목
목재,바다,뗏목
목재,물,뗏목
사막,바람,모래언덕
뗏목,철,배
수증기,철,보일러/가습기
사람,사람,사랑
과일,불,설탕
과일,에너지,설탕
과일쥬스,불,설탕
과일쥬스,에너지,설탕
구름,야생동물,양
목재,불,연기/숯/캠프파이어
정원,물,연못
종이,가위,종이꽃가루
종이,비행기,종이비행기
종이,종이,책
모래,바다,해변
마그마,산,화산
비,사람,감기/추위
가축,진흙,돼지
새,나무,딱다구리
야생동물,건초,말
묘지,돌,묘비
구름,전기,번개
목재,건초,빗자루
가축,풀,소
공기,파도,소리
과일,시간,술
해변,나무,야자나무
양,도구,양털
양,가위,양털
유리,하늘,우주망원경
유리,우주,우주망원경
유리,별,우주망원경
전기,철,전선
모래시계,전기,전자시계
비행기,군인,전투기
대륙,대륙,지구
대륙,대양,지구
땅,대륙,지구
땅,대양,지구
바람,바다,파도
바람,대양,파도
종이,연필,편지
책,사람,학자
야생동물,사람,개/원숭이
사랑,반지,결혼
사람,반지,결혼
농장,농부,곡물
농장,식물,곡물
태양,철,금
폭발,철,금
꽃,야생동물,나비/벌
비,추위,눈
사람,눈,눈사람/눈덩이
야생동물,개,늑대
빗자루,사람,마녀
마녀,유리,마법구
태양,비,무지개
바다,개,물개
목재,도구,바퀴
야생동물,전선,뱀
야생동물,실,뱀
목화,도구,솜/실
양털,도구,솜/실
목재,소리,악기
농부,소,우유
바퀴,바퀴,자전거
실,도구,천
바다,바다,대양
풍차,곡물,밀가루
우주,시간,블랙홀
전구,전기,빛
전구,전선,빛
태양,식물,산소/에너지
물,전기,산소/수소
화산,바다,섬/해저화산
땅,바다,섬/해저화산
소방관,집,소방서
눈,목재,스키/스노우보드
소,불,스테이크
무지개,무지개,쌍무지개
물,추위,얼음
식물,유리,온실
달,사람,우주비행사
우주비행사,비행기,우주선
바퀴,철,자동차
우유,시간,치즈/요거트
자동차,사람,카레이서
집,바람,풍차
배,사람,항해사
태양,꽃,해바라기
비,비,홍수
철,옷,갑옷
철,전사,갑옷
눈,안경,고글
시체,나무,관
시체,목재,관
군인,배,군함
집,연기,굴뚝
사람,눈,눈덩이/눈사람
금,종이,돈
배,천,돛단배
돈,돼지,돼지저금통
갑옷,총알,방탄조끼
캠프파이어,집,벽난로
캠프파이어,벽,벽난로
목재,불,숯/캠프파이어/연기
가위,천,옷
우체부,집,우체국
편지,사람,우체부
나무,불,캠프파이어
목재,불,캠프파이어
태양,전기,태양전지
화약,불,폭발
종이꽃가루,화약,폭죽
풍차,전기,풍력발전기
실,야생동물,뱀/거미
알,모래,거북이
돼지,도구,고기
소,도구,고기
우유,야생동물,고양이
과일,믹서기,과일쥬스
과일,압력,과일쥬스
전사,갑옷,기사
사람,갑옷,기사
벌,벌집,꿀
벌,꽃,꿀
칼날,곡물,낫
칼날,풀,낫
점토,도구,도자기
점토,불,도자기
말,수레,마차
칼날,전기,믹서기
밀가루,우유,반죽
밀가루,물,반죽
벌,집,벌집
반죽,불,빵
목재,바퀴,수레
산소,사람,이산화탄소
종이,땅,지도
종이,지구,지도
학자,전기,컴퓨터
학자,전선,컴퓨터
실,벽난로,크리스마스양말
크리스마스트리,설탕,크리스마스캔디
크리스마스트리,사탕,크리스마스캔디
나무,전구,크리스마스트리
나무,별,크리스마스트리
군인,자동차,탱크
총,자동차,탱크
과일나무,과일나무,과수원
과일나무,농장,과수원
검,전기,광선검
검,레이져,광선검
증기기관,바퀴,기차
증기기관,철,기차
철,추위,냉장고
철,얼음,냉장고
늑대,사람,늑대인간
화약,전선,다이나마이트
알,늪지,도마뱀
바다,소,바다소
우유,압력,버터
지도,해적,보물지도
지도,금,보물지도
바다,얼음,빙산
대양,얼음,빙산
곡물,압력,뻥튀기
자전거,사람,사이클선수
스모그,비,산성비
빵,햄,샌드위치
빵,치즈,샌드위치
빵,베이컨,샌드위치
자동차,전기,전기차
야생동물,치즈,쥐
수증기,에너지,증기기관
돼지저금통,종이,통장
항해사,검,해적
빵,스테이크,햄버거
돼지,불,베이컨
야생동물,목재,비버
시체,시간,뼈
낫,사람,사신
고양이,야생동물,사자/호랑이
바다,야생동물,상어
소방관,자동차,소방차
빛,도구,손전등
눈,목재,스노우보드/스키
스노우보드,바퀴,스케이트보드
가축,산,염소
가축,종이,염소
돌,우주,운석
운석,대기,유성
운석,하늘,유성
악기,사람,음악
음악,사람,음악가
얼음,집,이글루
눈,집,이글루
편지,컴퓨터,이메일
편지,인터넷,이메일
컴퓨터,컴퓨터,인터넷
뱀,전기,전기뱀장어
농장,과일,채소
빵,시간,곰팡이
사막,가축,낙타
사막,말,낙타
쥐,새,박쥐
굴뚝,사람,산타
크리스마스트리,사람,산타
산타,벽난로,선물
산타,굴뚝,선물
집,기사,성
곡물,우유,시리얼
수레,눈,썰매
산,양,알파카(산양)
폭발,에너지,원자폭탄
물고기,철,잠수함
도끼,전기,전기톱
물,이산화탄소,탄산수/탄산음료
과일쥬스,이산화탄소,탄산수/탄산음료
유리,무지개,프리즘
유리,빛,프리즘
샌드위치,잔디밭,피크닉
햄버거,잔디밭,피크닉
말,강,하마
배,해적,해적선
돛단배,해적,해적선
고기,연기,햄
총,불,화염방사기
물고기,검,황새치
땅,태양,가뭄
사람,사랑,가족
사람,집,가족
진흙,바다,갯벌
군인,전투기,공군
전사,사랑,공주
기사,사랑,공주
원자폭탄,식물,괴식물
국가,사람,대통령
책,집,도서관
철,유리,돋보기
빛,전기,레이져
번개,사람,번개맨
하늘,폭죽,불꽃놀이
밤,폭죽,불꽃놀이
목재,목재,사다리
사람,파도,서퍼
사막,식물,선인장
댐,전기,수력발전기
바다,지진,쓰나미
정글,정글,아마존
별,별,은하수
늪지,숲,정글
정원,사람,정원사
지구,폭발,지구멸망
하늘,천사,천국
야자나무,과일,코코넛
사람,다이나마이트,테러리스트
학생,집,학교
연필,사람,학생
군인,군함,해군
바람,도구,헤어드라이기
목재,실,활
거북이,배,거북선
기와집,기와집,궁궐
초가집,벽돌,기와집
병아리,시간,닭
컴퓨터,사람,로봇
알,시간,병아리
다이아몬드,사람,보석감정사
천,천,붕대
설탕,식물,사탕수수
수증기,알,삶은계란
시추선,바다,석유/가스
바람,전기,선풍기
배,펌프,시추선
연꽃,공주,심청이
닭,농장,양계장
물고기,유리,어항
사람,소리,언어
연못,꽃,연꽃
외계인,우주선,유에프오
외계인,비행기,유에프오
거북선,사람,이순신
궁궐,사람,임금
갯벌,생명,조개
종이,배,종이배
비,눈,진눈깨비
빗자루,전기,청소기
집,건초,초가집
도구,압력,펌프
마그마,바다,현무암
꽃,도자기,화분
식물,도자기,화분
불,불,화염
집,불,화재
흙,채소,감자/고구마
돌,시체,고인돌
광부,도구,곡괭이
원시인,야생동물,공룡
광산,사람,광부
석탄,사람,광부
산,다이나마이트,광산
산,폭발,광산
활,사람,궁수
어부,도구,그물
언어,연필,글자
언어,종이,글자
기차,집,기차역
식물,벽,넝쿨
자동차,땅,도로
돌,도끼,돌도끼
야생동물,담장,동물원
사막,태풍,모래폭풍
모래,태풍,모래폭풍
물,총,물총
헤어드라이기,사람,미용사
가위,사람,미용사
미용사,집,미용실
벌집,압력,밀랍
빙산,야생동물,북극곰
설탕,불,사탕
태양,안경,선글라스
수영,안경,수경
수영,고글,수경
군인,저격총,스나이퍼
뼈,생명,스켈레톤
바다,농부,어부
돌도끼,사람,원시인
공룡,새,익룡
총,돋보기,저격총
총,우주망원경,저격총
채소,토끼,당근
빵,사람,제빵사
조각,사람,조각가
땅,화약,지뢰
땅,폭발,지뢰
사람,술,취객
천,태양,커튼
천사,사랑,큐피트
천사,활,큐피트
달,야생동물,토끼
토르망치,번개맨,토르
토르망치,사람,토르
번개,도구,토르망치
로봇,자동차,트랜스포머
뱀,임금,파라오
미라,임금,파라오
군함,전투기,항공모함
태양,전자시계,해시계
태양,모래시계,해시계
태양,시간,해시계
해변,소방관,해양구조대
해변,사람,해양구조대
학자,에너지,헐크
학자,원자폭탄,헐크
화산,폭발,화산폭발/화산재
공룡,시간,화석
공룡,돌,화석
비행기,집,공항
말,기사,기마병
꽃,꽃,꽃다발
다람쥐,새,날다람쥐
나무,쥐,다람쥐
글자,글자,단어
사람,산성비,대머리
스테이크,집,레스토랑
곤충,빛,반딧불이
박쥐,사람,배트맨
배트맨,자동차,배트카
수영복,해변,비키니
우주,폭발,빅뱅
곤충,칼날,사마귀
곤충,가위,사슴벌레
동물원,사람,사육사
단어,책,사전
물고기,불,생선구이
수영,옷,수영복
음악,종이,악보
기와집,사람,양반
눈사람,생명,올라프
옷,목재,옷장
옷,나무,옷장
집,통장,은행
해시계,사람,장영실
해시계,학자,장영실
물시계,사람,장영실
물시계,학자,장영실
닭,감기,조류독감
새,감기,조류독감
사람,돋보기,탐정
바다,도시,해저도시
피,사랑,헌혈
소,개구리,황소개구리
잔디밭,사람,골퍼
국가,천,국기
밭,물,논
밭,강,논
국가,국가,대륙
현무암,조각,돌하르방
편지,사랑,러브레터
쥐,컴퓨터,마우스
국기,국기,만국기
쌀,불,밥
쌀,압력,밥
갈퀴,땅,밭
갈퀴,농장,밭
환자,집,병원
바다,별,불가사리
모래,돌,사암
종이,무지개,색종이
전화기,컴퓨터,스마트폰
땅,얼음,스케이트장
산,눈,스키장
논,곡물,쌀
집,나무,오두막
집,목재,오두막
자전거,전기,오토바이
비,옷,우비
사람,야생동물,원숭이/개
소리,전선,전화기
생명,전기,제세동기
생명,도구,제세동기
돌하르방,섬,제주도
정글,사람,타잔
말,새,페가수스
말,천사,페가수스
번개,철,피뢰침
꿀,버터,허니버터
마녀,학교,호그와트
호랑이,나비,호랑나비
화산,먼지,화산재
감기,사람,환자
붕대,사람,환자
해적,곡괭이,후크선장
해적,낫,후크선장
군인,개,군견
물감,종이,그림
나무,실,낚시대
믹서기,돌,맷돌
곤충,풀,메뚜기
곤충,논,메뚜기
사람,보물지도,모험가
물,무지개,물감
바다,풀,미역
미역,소금물,미역국
토끼,사람,바니걸
집,화석,박물관
집,빗살무늬토기,박물관
사람,돈,부자
원시인,도자기,빗살무늬토기
소금,물,소금물
잠수복,사람,스쿠버다이버
옷,진흙,얼룩
얼룩,말,얼룩말
캔,에너지,에너지음료
탄산음료,에너지,에너지음료
지도,사람,여행
연필,칼날,연필깎이
사람,밤,잠
물,옷,잠수복
잠수함,옷,잠수복
꽃,검,장미칼
꽃,칼날,장미칼
피,도구,주사기
철,실,철사
고양이,사람,캣우먼
밭,식물,콩
물감,벽,페인트
반지,꽃,프로포즈
반지,꽃다발,프로포즈
반지,러브레터,프로포즈
해적,임금,해적왕
뼈,물고기,가시
새,바다,갈매기
학생,옷,교복
고구마,불,군고구마
고구마,캠프파이어,군고구마
쌀,절구,떡
밥,절구,떡
모래,성,모래성
목재,말,목마
나무,말,목마
불,벽,방화벽
밭,채소,배추
도시,새,비둘기
물고기,캔,생선통조림
얼음,배,쇄빙선
학교,종이,숙제
학생,종이,숙제
활,화약,신기전
활,폭죽,신기전
물고기,압력,어묵
얼음,구름,우박
고기,회,육회
고기,칼날,육회
달,토끼,절구
배추,소금물,절임배추
유리,나무,창문
유리,목재,창문
우주망원경,집,천문대
기차,도로,철도
수레,산,케이블카
수레,철사,케이블카
크림,빵,케이크
전사,집,콜로세움
우유,믹서기,크림
추위,옷,패딩
산,비행기,페러글라이딩
산,종이비행기,페러글라이딩
연필,철,필통
환자,수레,휠체어
절임배추,사람,김장김치
자동차,지도,네비게이션
전기,지도,네비게이션
산사태,눈,눈사태
바다,빛,등대
등대,사람,등대지기
호랑이,사자,라이거
성벽,성벽,만리장성
대머리,의사,머리카락
대머리,병원,머리카락
반죽,실,면발
뱀파이어,곤충,모기
피,곤충,모기
소리,벽,방음벽
산,지진,산사태
설탕,물,설탕물
성,벽,성벽
구름,설탕,솜사탕
야생동물,의사,수의사
숯,불,숯불
시간,폭탄,시한폭탄
시간,화약,시한폭탄
시간,다이나마이트,시한폭탄
가족,시간,아기
가족,사랑,아기
결혼,시간,아기
결혼,사랑,아기
늪지,야생동물,악어
뱀,에너지,용
병원,학자,의사
군대,군대,전쟁
석유,집,주유소
기차,전기,지하철
조개,시간,진주
조개,다이아몬드,진주
마을,사람,촌장
태양,우주,태양계
꽃,사람,플로리스트
꽃다발,사람,플로리스트
김장김치,국가,한국
그림,사람,화가/문신
불,에너지,화력발전
불,전기,화력발전
과일,우유,화채
과일,탄산음료,화채
음악,집,노래방
얼룩,개,달마시안
이산화탄소,압력,드라이아이스
이산화탄소,추위,드라이아이스
낙타,감기,메르스
가족,가족,명절
물,시간,물시계
물,모래시계,물시계
노래방,프리즘,미러볼
눈,공주,백설공주
별,지도,별자리
목재,바람,부메랑
과일,백설공주,사과
산,불,산불
산,자전거,산악자전거
물,스키,수상스키
강,스키,수상스키
천국,임금,신
사과,스마트폰,아이폰
벌,사람,양봉업자
아기,시간,어린이
우유,곰팡이,요거트
우유,시간,요거트
철,화염,용접
철,불,용접
유리,땅,유리파편
가족,바람,이별(이혼)
사랑,바람,이별(이혼)
초밥,국가,일본
종이,불,재
군인,기관총,중화기병
군인,화염방사기,중화기병
시체,사신,지옥
테러리스트,사신,지옥
회,밥,초밥
물고기알,상어,캐비어
물,도구,컵
물,유리,컵
비행기,선풍기,헬리콥터
공항,도로,활주로
비행기,도로,활주로
물고기,칼날,회
칼날,소,가죽
칼날,야생동물,가죽
지뢰,바다,기뢰
시체,새,까마귀
꿀,떡,꿀떡
벽,글자,낙서
벽,연필,낙서
낚시대,사람,낚시꾼
얼음,사람,냉동인간
눈덩이,전쟁,눈싸움
태양,사람,더위
소리,산,메아리
한국,꽃,무궁화
무지개,떡,무지개떡
성조기,국가,미국
제주도,꽃,벚꽃
제주도,눈,벚꽃
나무,꽃,벚꽃
나무,눈,벚꽃
지구,얼음,빙하기
지구,추위,빙하기
도서관,사람,사서
해적,산,산적
빛,폭탄,섬광탄
별,국기,성조기
미국,국기,성조기
불,이산화탄소,소화기
탐정,종이,수사파일
술,집,술집
대양,도시,아틀란티스
신,태양,아폴론
압력,밥,압력밥솥
모기,도구,에프킬라
연기,폭탄,연막탄
철,마그마,용광로
로봇,생명,인공지능
별,군인,장군
이별(이혼),결혼,재혼
조각,칼날,조각칼
새,종이,종이학
만리장성,국가,중국
지뢰,지뢰,지뢰밭
땅,지뢰,지뢰밭
운석,달,크레이터
글자,컴퓨터,키보드
잼,빵,토스트
토스트기,빵,토스트
책,용,판타지소설
화약,폭발,폭탄
시체,전기,프랑켄슈타인
컴퓨터,집,피씨방
한국,전쟁,한국전쟁
제주도,과일,한라봉
제주도,산,한라산
인터넷,집,홈페이지
밤,빛,가로등
밤,전구,가로등
풀,바람,갈대
양치기,늑대,거짓말
사람,집,건축가
바람,수액,고무
공기,수액,고무
바퀴,고무,고무타이어
공기,총,공기총
보석감정사,집,금은방
낮,잠,낮잠
소리,도구,마이크
돌,돌,바위
비,바람,비바람
새,집,새장
물,전기,수소
물,압력,수압
나무,물,수액
양,사람,양치기
양떼,사람,양치기
군대,편지,영장
그림자,달,월식
태양,달,월식
태양,달,일식
잔디밭,칼날,잔디깎기
정원,집,저택
지구,압력,중력
지구,에너지,중력
채소,사람,채식주의자
시간,새,철새
대통령,집,청와대
농부,자동차,트랙터
농장,자동차,트랙터
땅,땅,평원
풀,악기,풀피리
진흙,물,흙탕물
개,밥,개사료
개,시리얼,개사료
개,썰매,개썰매
개,집,개집
섬,섬,군도
군인,텐트,군용텐트
군대,텐트,군용텐트
꽃,집,꽃집
철,폭탄,대포
학자,학교,대학교
박쥐,산,동굴
박쥐,집,동굴
돼지,집,돼지우리
야생동물,땅,두더지
콩,우유,두유
암벽등반,도구,로프
말,집,마구간
황사,천,마스크
스모그,천,마스크
메르스,천,마스크
감기,천,마스크
먼지,빗자루,먼지털이
물고기,농장,물고기양식장
바퀴,곤충,바퀴벌레
벽,바다,방파제
청와대,미국,백악관
화가,벽,벽화
그림,벽,벽화
병아리,사람,병아리감별사
빙산,벽,빙벽
빙벽,사람,빙벽등반
총,집,사격장
사과,나무,사과나무
야생동물,총,사냥꾼
산소,마스크,산소마스크
대륙,전쟁,세계전쟁
우주,도시,스페이스콜로니
얼음,크림,아이스크림
아이스크림,케이크,아이스크림케익
악어,새,악어새
산,벽,암벽
암벽,사람,암벽등반
양,양,양떼
소,집,외양간
용접,사람,용접공
이글루,사람,이누이트
벽,쥐,쥐구멍
이산화탄소,지구,지구온난화
책,목재,책장
번개,소리,천둥
철사,철사,철조망
암벽등반,도구,카라비너
개,지옥,켈베로스
천,집,텐트
눈,눈,폭설
대학교,시간,학위
땅굴,곤충,개미
고무,로프,고무줄
가죽,공기,공
스케이트장,여왕,김연아
풍차,국가,네덜란드
아기,반지,돌반지
땅,동굴,땅굴
땅,삽,땅굴
공주,머리카락,라푼젤
로봇,총,로보캅
로봇,경찰,로보캅
마법지팡이,에너지,마력
마법지팡이,사람,마법사
마법구,목재,마법지팡이
공항,개,마약탐지견
그림,책,만화책
유리,방탄조끼,방탄유리
유리,총알,방탄유리
꽃다발,결혼,부케
천사,검,성검
천국,검,성검
천사,물,성수
천국,물,성수
과일,별,스타후르츠
회사원,시간,승진
금,도시,엘도라도
임금,사랑,여왕
레스토랑,사람,요리사
과일,용,용과
잠,옷,잠옷
별,사람,천문학자
우주망원경,사람,천문학자
잔디밭,공,축구
화산폭발,도시,폼페이
화산폭발,마을,폼페이
화산재,도시,폼페이
화산재,마을,폼페이
고무,공기,풍선
실,악기,현악기
가시,야생동물,고슴도치
행성,금,금성
평원,골퍼,골프장
야구,도구,글러브
꽃,바람,꽃향기
순두부,압력,두부
마법사,책,마법서
미국,야구,메이져리그
행성,나무,목성
원숭이,과일,바나나
축구선수,산소,박지성
땅,돈,부동산
아기,밥,분유
흙,도구,삽
고무줄,목재,새총
행성,물,수성
콩물,불,순두부
목재,공,야구
야구,사람,야구선수
금,학자,연금술사
풍선,수레,열기구
요거트,아이스크림,요거트아스크림
음악,언어,음악가사
음악,글자,음악가사
가시,꽃,장미
반지,마력,절대반지
반지,에너지,절대반지
연필,고무,지우개
야구선수,기차,추신수
축구,사람,축구선수
마력,생명,치유마법
잠,도구,침대
콩,물,콩물
천사,지옥,타락천사
도로,땅굴,터널
행성,흙,토성
자동차,말,페라리
전투기,전투기,편대비행
한국,사람,한국인
야구,한국,한국프로야구
한국,옷,한복
우주,지구,행성
태양계,지구,행성
꽃향기,유리,향수
꽃향기,물,향수
군인,공동묘지,현충원
행성,불,화성
시추선,바다,가스
가스,총,가스총
시멘트,철근,건물
물고기,태양,건어물
어린이,책,동화책
철,목재,망치
산,돼지,멧돼지
밀랍,사람,밀랍인형
밀랍,조각,밀랍인형
별,사탕,별사탕
조개,화석,석회석
수영,집,수영장
석회석,물,시멘트
결혼,여행,신혼여행
해변,침대,썬베드
바다,바위,암초
그림,목재,액자
회사원,밤,야근
스쿠버다이버,도구,오리발
비,도구,우산
우주,전쟁,우주전쟁
만화책,인터넷,웹툰
자동차,잠,졸음운전
중국,언어,중국어
가죽,돈,지갑
철,뼈,철근
별,폭발,초신성
총,검,총검
코코넛,우유,코코넛밀크
크림,면발,크림파스타
성,목마,트로이목마
마법사,불,파이어볼
넝쿨,과일,포도
원자폭탄,잠수함,핵잠수함
가스,불,가스레인지
개미,야생동물,개미핥기
일본,옷,기모노
회사,회사,기업
물고기,새,날치
가스레인지,물,뜨거운물
나무,곤충,매미
소리,곤충,매미
자동차,연기,매연가스
탄산음료,우유,밀키스
자유의여신상,책,법전
물,도시,베니스
가스,캔,부탄가스
건물,도시,빌딩
감자,뜨거운물,삶은감자
감자,수증기,삶은감자
와인,과일,샹그리아
얼음,동굴,석빙고
냉장고,동굴,석빙고
와인,사람,소믈리에
뜨거운물,고기,수육
전자시계,글자,숫자
건물,집,아파트
에너지음료,자동차,에프원레이싱
에너지음료,카레이서,에프원레이싱
더위,밤,열대야
오리발,새,오리
포도,시간,와인
시체,종이,유서
조각,횃불,자유의여신상
전기,파도,전파
전화기,숫자,전화번호
콩,나무,콩나무
노래방,악기,탬버린
해변,우산,파라솔
동굴,불,횃불
회사원,건물,회사
악기,군대,군악대
번개,땅,낙뢰
학자,종이,논문
고기,믹서기,다진고기
돈,꽃다발,돈다발
뱀,사냥꾼,땅꾼
반죽,만두소,만두
다진고기,채소,만두소
망치,전사,바이킹
배,전사,바이킹
화생방,마스크,방독면
벚꽃,음악,벚꽃엔딩
사자,별자리,사자자리
헬리콥터,소방관,소방헬기
수소,자동차,수소자동차
아기,아기,쌍둥이
태양,크림,썬크림
신,사랑,아프로디테
머리카락,무지개,염색
머리카락,물감,염색
결혼,옷,웨딩드레스
가족,종이,족보
진주,실,진주목걸이
화약,사람,최무선
폭탄,사람,최무선
요리사,군인,취사병
사람,우유,키다리
결혼,옷,턱시도
바다,행성,해왕성
군대,가스,화생방
잠,국가,꿈나라
홍수,배,노아의방주
사자,임금,라이온킹
석유,부자,만수르
고구마,꿀,맛탕
바나나,배,바나나보트
바나나,우유,바나나우유
빛,천,비단
금,천,비단
해변,공,비치발리볼
탄산음료,별,사이다
별,구름,성운
지구,지도,세계지도
어항,동물원,수족관
어항,어항,수족관
사람,야근,스트레스
회사원,야근,스트레스
학교,시간,시간표
비단,도로,실크로드
로봇,스마트폰,안드로이드
벽돌,물,우물
아마존,사람,원주민
하늘,행성,천왕성
뱀,풀피리,코브라
모험가,대륙,콜롬버스
우유,개,파트라슈
전쟁,사랑,평화
파트라슈,동화책,플란다스의개
해적,섬,해적섬
거북이,뱀,현무
거미,실,거미줄
포도,태양,건포도
공동묘지,밤,귀신
나비,밤,나방
레이져,총,레이져총
뱀파이어,채소,마늘
마차,사람,마부
물총,새,물총새
물,풍선,물풍선
사람,가스,방귀
별,풍선,별풍선
물고기,가시,복어
물,빛,빛굴절
나무,땅,뿌리
한국,명절,설날
철,수압,수도꼭지
쌍둥이,별자리,쌍둥이자리
아파트,아파트,아파트단지
악어,악어,악어떼
어린이,집,어린이집
학교,모래,운동장
학교,잔디밭,운동장
시체,돈,유산
시체,부동산,유산
유서,돈,유산
유서,부동산,유산
고기,태양,육포
자동차,갑옷,장갑차
음악가,목재,지휘자
결혼,편지,청첩장
한국,명절,추석
로봇,인공지능,터미네이터
곤충,식물,파리지옥
성검,기사,팔라딘
마을,불,폐허
포도,압력,포도즙
전투기,폭탄,폭격기
고무,물,호스
제주도,돼지,흑돼지
학생,책,교과서
학교,책,교과서
환자,자동차,구급차
다람쥐,밥,도토리
수의사,병원,동물병원
야생동물,병원,동물병원
가축,병원,동물병원
어린이,벽돌,레고
에프원레이싱,비키니,레이싱걸
카레이서,비키니,레이싱걸
물고기,빵,붕어빵
총,공,비비탄총
건축가,종이,설계도
어린이,자전거,세발자전거
바퀴,자전거,세발자전거
학자,집,실험실
연금술사,집,실험실
전자시계,소리,알람
사과,전자시계,애플워치
밀랍,실,양초
여왕,벌,여왕벌
더위,추위,온도
온도,유리,온도계
와인,냉장고,와인셀러
아기,자동차,유모차
아기,수레,유모차
세계지도,공,지구본
토끼,풀,클로버
가죽,옷,가죽자켓
손전등,사람,경비원
수사파일,사람,경찰
경찰,집,경찰서
경찰,자동차,경찰차
학교,음악,교가
키다리,야생동물,기린
새,사냥꾼,독수리
어린이,음악,동요
용,기사,드래곤슬레이어
밤,바다,밤바다
기사,철,방패
벽,종이,벽지
추석,떡,송편
태양,우산,양산
오리,배,오리배
우유,종이,우유팩
유리,컵,유리컵
갈대,곤충,잠자리
밭,곤충,잠자리
곤충,그물,잠자리채
목재,그물,잠자리채
전화번호,책,전화번호부
축구선수,대머리,차두리
중국,옷,치파오
한국,소,한우
도로,나무,가로수
중국,좀비,강시
개미,집,개미집
철도,자전거,레일바이크
마늘,빵,마늘빵
물고기,별자리,물고기자리
축구,미국,미식축구
강시,종이,부적
채소,밥,비빔밥
쌍둥이,아기,삼둥이
소,피,선지
방귀,야생동물,스컹크
달,신,아르테미스
개,사랑,애완견
양,별자리,양자리
여왕,개미,여왕개미
염소,별자리,염소자리
소,노인,워낭소리
백설공주,광부,일곱난쟁이
컴퓨터,언어,프로그래밍언어
금,박쥐,황금박쥐
군대,빵,건빵
골퍼,공,골프공
마늘,절구,다진마늘
마늘,믹서기,다진마늘
대머리,독수리,대머리독수리
대장장이,집,대장간
망치,사람,대장장이
만두,뜨거운물,만두국
모기,그물,모기장
바다,뱀,바다뱀
밥,햄버거,밥버거
어린이,병원,소아과
아기,병원,소아과
빌딩,빌딩,쌍둥이빌딩
안경,천,안경닦이
그림,그림,애니메이션
얼음,물,얼음물
군인,시간,전역
자동차,자동차,주차장
박쥐,소리,초음파
축구,그물,축구골대
배,쓰나미,침몰
배,암초,침몰
개구리,개구리,개구리알
망치,상어,귀상어
이순신,책,난중일기
돈,철,동전
빙하기,야생동물,매머드
인삼,산,산삼
산삼,사람,심마니
알,약,알약
밤,학교,야간자율학습
처방전,약사,약
돈,약사,약
처방전,학자,약사
개구리알,시간,올챙이
한국전쟁,가족,이산가족
사람,뿌리,인삼
나무,도끼,장작
감자,물,전분
환자,종이,처방전
의사,종이,처방전
개구리,거짓말,청개구리
청소기,사람,청소부
콩,압력,콩기름
자동차,삽,포크레인
아마존,물고기,피라니아
죄수,집,감옥
경비원,집,경비실
중국집,만두,군만두
실험실,스마트폰,나만의실험실
잠,야생동물,나무늘보
두부,김장김치,두부김치
떡,집,떡가게
쌀,종이,라이스페이퍼
자동차,소,람보르기니
나무,검,목검
경찰,도구,수갑
우유,설탕,연유
방패,경찰,의경
김장김치,도자기,장독대
수갑,사람,죄수
중국,레스토랑,중국집
중국집,면발,짜장면
중국집,면발,짬뽕
전기차,자동차,하이브리드카
조개,야생동물,해달
한국,현악기,가야금
검,과일,과도
암초,식물,김
김,밥,김밥
일본,짬뽕,나가사키짬뽕
그물,공,농구
키다리,공,농구
농구,사람,농구선수
옷,사람,모델
한라산,물,백록담
인도,벽돌,보도블럭
빵,집,빵집
설날,돈,세뱃돈
스트레스,새,앵그리버드
해골물,사람,원효대사
침대,침대,이층침대
사람,도로,인도
색종이,사람,종이접기
짜장면,짬뽕,짬짜면
도마뱀,물감,카멜레온
도마뱀,무지개,카멜레온
콩,밥,콩밥
한국,국기,태극기
총,전기,테이저건
뼈,물,해골물
목검,사람,검도
사골,뜨거운물,곰국
학교,밥,급식
돈,사랑,기부
설날,새,까치
돋보기,안경,돋보기안경
떡,뜨거운물,떡국
물,약,물약
소,뼈,사골
닭,인삼,삼계탕
닭,압력밥솥,삼계탕
소금,사막,소금사막
학교,자동차,스쿨버스
검,검,쌍검
얼음,조각,얼음조각
얼음,도구,얼음조각
연꽃,뿌리,연근
까치,까마귀,오작교
인삼,술,인삼주
인터넷,은행,인터넷뱅킹
대통령,대통령,정상회담
만두,수증기,찐만두
만두,압력밥솥,찐만두
책,천,책갈피
결혼,돈,축의금
군함,군함,함대
헌혈,집,헌혈의집
고구마,케이크,고구마케이크
포스,밤,다크포스
중국,만두,딤섬
만두국,떡,떡만두국
떡국,만두,떡만두국
추위,바다,라니냐
말,성운,말머리성운
달,바다,밀물썰물
풍선,로봇,베이맥스
해달,애니메이션,보노보노
보물지도,섬,보물섬
탐정,시체,살인사건
코난,시체,살인사건
서퍼,도구,서핑보드
파도,목재,서핑보드
사랑,음악,세레나데
별,전쟁,스타워즈
밤,시간,아침
야생동물,대륙,아프리카
더위,바다,엘리뇨
라이스페이퍼,고기,월남쌈
라이스페이퍼,채소,월남쌈
장미,성운,장미성운
지하철,지도,지하철노선도
치즈,케이크,치즈케이크
보노보노,다람쥐,포로리
스타워즈,에너지,포스
대장장이,신,헤파이스토스
감자,끓는기름,감자튀김
궁수,별자리,궁수자리
목재,로프,그네
콩기름,불,끓는기름
인터넷,사람,네티즌
농구,공,농구공
공동묘지,불,도깨비불
끓는기름,면발,라면
목재,지뢰,목함지뢰
물,회,물회
벽화,마을,벽화마을
원시인,원시인,부족
인터넷,대학교,사이버대학교
다크포스,임금,시스
제다이,로봇,알투디투
야구,공,야구공
스타워즈,전투기,엑스윙
사람,수레,인력거
음악,잠,자장가
축구,공,축구공
스마트폰,전기,충전기
스마트폰,전선,충전기
반지,반지,커플링
스타워즈,군대,클론군대
수레,자동차,트럭
거짓말,컴퓨터,거짓말탐지기
산,물,계곡
국가,회사원,공무원
충치,금,금니
김밥,천국,김밥천국
종이접기,선생님,김영만아저씨
산,사람,등산가
비행기,학자,라이트형제
그림,집,미술관
도자기,집,미술관
학교,공무원,선생님
설탕물,쌀,식혜
제빵사,도구,오븐
인터넷,전파,와이파이
콜로세움,국가,이탈리아
모델,책,잡지
땅,학자,지질학자
짜장면,라면,짜파게티
한지,창문,창호지
사탕,사람,충치
콜라,사람,충치
충치,병원,치과
치과,의사,치과의사
종이컵,라면,컵라면
오븐,반죽,쿠키
스마트폰,연필,터치펜
집,시간,폐가
집,녹슮,폐가
학교,녹슮,폐교
학교,폐가,폐교
한국,종이,한지
선생님,임금,교장선생님
학교,임금,교장선생님
나비,태풍,나비효과
땅,빙산,남극
김장김치,물,물김치
컴퓨터,음악,뮤직플레이어
바다,빙산,북극
고무,망치,뿅망치
모래,종이,사포
모래,천,사포
석유,캔,석유드럼통
목화,농부,솜
목화,도구,솜
국가,도시,수도
빛,책상,스탠드
전구,책상,스탠드
용,한국프로야구,에스케이와이번스
철사,옷,옷걸이
공주,사랑,왕자
사과,활,윌리엄텔
석유드럼통,배,유조선
시체,군인,유해발굴단
우주,전파,인공위성
솜,천,인형
남극,북극,자석
학생,목재,책상
철,과일쥬스,캔
철,물,캔
콩,시간,콩나물
전화기,종이,팩스
컴퓨터,종이,프린터
치즈,반죽,피자
학교,집,기숙사
대학교,집,기숙사
여행,책,기행문
여행,편지,기행문
얼음,냉장고,냉동실
채소,믹서기,녹즙
일본,수도,도쿄
잠,총,마취총
상어,호랑이,뱀상어
비행기,새,버드스트라이크
판사,집,법원
중국,수도,베이징
거짓말,사람,사기꾼
한국,수도,서울
물,풀,수초
어항,풀,수초
유리,색종이,스테인드글라스
어묵,뜨거운물,어묵탕
시체,자동차,영구차
미국,수도,워싱턴DC
고기,야생동물,육식동물
자전거,도로,자전거도로
악기,전기,전자악기
쌀,뜨거운물,죽
밥,뜨거운물,죽
법전,사람,판사
법전,학자,판사
경찰,애니메이션,포돌이
피자,빵,피자빵
가뭄,비,해갈
풍선,가스,헬륨가스
술,회사원,회식
인도,가로수,가로수길
도로,가로수,가로수길
숫자,도구,계산기
자동차,졸음운전,교통사고
미키마우스,개,구피
한국,귀신,도깨비
도깨비,목재,도깨비방망이
미키마우스,오리,도날드덕
도자기,노인,도자기명인
기사,풍차,돈키호테
떡,라면,떡라면
자동차,야생동물,로드킬
쥐,애니메이션,미키마우스
벚나무,과일,버찌
벚꽃,나무,벚나무
월남쌈,국가,베트남
쌀국수,국가,베트남
사기꾼,전화기,보이스피싱
쌀,면발,쌀국수
삼둥이,돼지,아기돼지삼형제
애완견,미용사,애견미용사
주차장,사람,주차관리인
거미,성운,타란툴라성운
바퀴,도구,톱니바퀴
서울,강,한강
바다,지도,해도
개,개,강아지
개,아기,강아지
개,로프,개줄
애완견,로프,개줄
전기,캔,건전지
중국,술,고량주
도로,경찰,교통경찰
군인,옷,군복
꿀,실,꿀타래
클로버,장군,나폴레옹
로봇,개,로봇개
말,말,망아지
말,아기,망아지
스마트폰,편지,문자메시지
바다,거북이,바다거북이
나무,화분,분재
사다리,자동차,사다리차
소,소,송아지
소,아기,송아지
폭탄,군인,수류탄
양떼,담장,양떼목장
양떼,농장,양떼목장
신,산,올림포스산
우체국,새,제비
한국,개,진돗개
컵,밥,컵밥
개구리,수영,평영
배,주차장,항구
제비,양반,흥부와놀부
알,도구,계란물
알,망치,계란물
집,선생님,과외
인형,목재,목각인형
성묘,낫,벌초
성묘,잔디깎기,벌초
추석,달,보름달
계란물,물고기,생선전
추석,묘지,성묘
유리,수증기,성에
고기,압력,소시지
잠,약,수면제
수증기,청소기,스팀청소기
국가,땅,영토
계란물,다진고기,완자전
선생님,인터넷,인터넷강의
나비,수영,접영
종이,인형,종이인형
집,글자,주소
땅굴,주차장,지하주차장
끓는기름,고기,탕수육
이탈리아,면발,파스타
소시지,빵,핫도그
바다,터널,해저터널
넝쿨,채소,호박
계란물,호박,호박전
귀신,집,귀신의집
의사,물고기,닥터피쉬
한국,의학서,동의보감
떡,케이크,떡케이크
모기,연기,모기향
벽,인도,미로
벽,도로,미로
가시,철,바늘
사과,믹서기,사과쥬스
사과,압력,사과쥬스
컴퓨터,테러리스트,사이버테러
화염,도마뱀,샐래맨더
불,도마뱀,샐래맨더
바늘,나무,소나무
가시,나무,소나무
수영,사람,수영선수
시간,도구,시계
태엽,음악,오르골
의사,책,의학서
허준,바늘,침(한의학)
시멘트,물,콘크리트
탐정,집,탐정사무소
톱니바퀴,톱니바퀴,태엽
톱니바퀴,도구,태엽
헤파이스토스,사람,판도라
헤파이스토스,진흙,판도라
철,공,포환
동의보감,약,한약
허준,약,한약
동의보감,의사,허준
감옥,감옥,교도소
시체,꽃,국화꽃
묘지,꽃,국화꽃
급식,시간표,급식표
나폴레옹,물고기,나폴레옹피쉬
판다,나무,대나무
커튼,대나무,대나무발
대나무,대나무,대나무숲
바늘,실,바느질
바늘,사람,바느질
불,개미,불개미
살인사건,죄수,살인마
제주도,물,삼다수
하늘,바다,수평선
바느질,그림,십자수
숲,궁수,엘프
크림,약,연고
국가,하늘,영공
국가,대기,영공
군대,감옥,영창
전기,바늘,재봉틀
대나무,검,죽도
대나무,밥,죽통밥
대나무,술,죽통주
하늘,땅,지평선
꽃,뜨거운물,차
식물,뜨거운물,차
탄산음료,물,탄산수
이산화탄소,물,탄산수
중국,야생동물,판다
실험실,유리,플라스크
실험실,컵,플라스크
비행기,테러리스트,하이재킹
귀신,잠,가위눌림
전선,사람,감전
광산,도로,갱도
광산,철도,갱도
단어,단어,문장
회사,사랑,사내연애
회사원,사랑,사내연애
종이,사다리,사다리게임
회사원,야구,사회인야구
산,집,산장
애니메이션,사람,성우
애니메이션,소리,성우
여행,지구,세계여행
소리,스트레스,소음
일본,로봇,아시모
일본,인공지능,아시모
살인사건,살인사건,연쇄살인사건
임금,소,우마왕
기차,자석,자기부상열차
자석,전기,전자석
마녀,언어,주문
마법사,언어,주문
아파트,소음,층간소음
대학교,사랑,캠퍼스커플
학교,사랑,캠퍼스커플
잠,소음,코골이
계란물,토스트,프렌치토스트
수평선,태양,해넘이
지평선,태양,해넘이
수평선,태양,해돋이
지평선,태양,해돋이
한국,로봇,휴보
한국,인공지능,휴보
유리,공,구슬
구슬,도구,구슬공예
구슬,아이스크림,구슬아이스크림
구슬,구슬,구슬치기
군인,의사,군의관
문단,문단,글
갑옷,말,마갑
문장,문장,문단
병아리,콩,병아리콩
학교,병원,보건실
아마존,국가,브라질
회사,임금,사장
소금,호수,사해
브라질,음악,삼바
삼바,사람,삼비스타
수영,공,수구
수영선수,공,수구
바다,집,수상가옥
강,집,수상가옥
실험실,쥐,실험용쥐
식물,약,약초
댐,강,저수지
노인,도구,지팡이
햄스터,바퀴,쳇바퀴
바다,안개,해무
쥐,가축,햄스터
국가,법전,헌법
땅,물,호수
스마트폰,집,휴대폰매장
시체,마법사,네크로멘서
좀비,마법사,네크로멘서
눈,꽃,눈꽃
손전등,레이져,레이져포인터
땅,집,마당
사람,그림,문신
키다리,풍선,삐에로
일본,술,사케
바다,비행기,수륙양용비행기
강,비행기,수륙양용비행기
사막,빛굴절,신기루
총,총,쌍권총
어부,배,어선
낚시대,배,어선
일본,면발,우동
컴퓨터,창문,윈도우
바위,식물,이끼
돌,식물,이끼
사람,온도,체온
노래,사람,가수
공군,대학교,공군사관학교
지구,인터넷,구글어스
지구,컴퓨터,구글어스
음악,음악가사,노래
농장,비행기,농약살포비행기
농약,비행기,농약살포비행기
펌프,물,등짐펌프
펌프,물총,등짐펌프
비행기,인공지능,무인비행기
자동차,인공지능,무인자동차
귀신,사람,빙의
애국가,음악가,안익태
노래,한국,애국가
아기,호박,애호박
양,고기,양고기
양고기,이쑤시개,양꼬치
실,종이,연
군인,대학교,육군사관학교
목재,바늘,이쑤시개
음악가사,사람,작사가
철,소리,종
펜마우스,도구,타블렛
펜마우스,컴퓨터,타블렛
키다리,건물,타워
문신,사람,타투이스트
연필,컴퓨터,펜마우스
연필,마우스,펜마우스
노인,꽃,할미꽃
해군,대학교,해군사관학교
햄버거,콜라,햄버거세트
햄버거,탄산음료,햄버거세트
햄버거,감자튀김,햄버거세트
집,수증기,가습기
철,수증기,가습기
가수,회사,기획사
서울,타워,남산타워
치즈,불,녹인치즈
닭,고기,닭고기
닭고기,이쑤시개,닭꼬치
도쿄,타워,도쿄타워
신,사람,반신반인
브라질,수도,브라질리아
뗏목,사람,사공
소나무,수액,송진
알,뜨거운물,수란
계란물,뜨거운물,수란
미국,언어,영어
외계인,언어,외계어
우주,먼지,우주먼지
자동차,관,운구차
베트남,전쟁,월남전
웹툰,사람,웹툰작가
짜장면,밥,짜장밥
짬뽕,밥,짬뽕밥
고양이,타워,캣타워
녹인치즈,빵,퐁뒤
녹인치즈,햄,퐁뒤
피,영어,혈액형
송진,시간,호박(화석)
송진,곤충,호박(화석)
수액,시간,호박(화석)
수액,곤충,호박(화석)
빵,생명,호빵맨
갈퀴,나무,효자손
갈퀴,목재,효자손
베니스,배,곤돌라
철,빛,광전자
금,빛,광전자
한국,음악,국악
소금물,전기,나트륨
우주,우주,다중우주론
소리,숫자,데시벨
알,집,둥지
이름,종이,명함
명함,지갑,명함지갑
오리고기,베이징,베이징카오야
네덜란드,수도,암스테르담
곤충,아기,애벌레
약사,집,약국
소금물,전기,염소(화학)
오리,고기,오리고기
군인,편지,위문편지
사람,단어,이름
사람,글자,이름
창문,창문,이중창
글,사람,작가
소,얼룩,젖소
케이크,검,조각케이크
케이크,칼날,조각케이크
컵,케이크,컵케이크
제주도,국가,탐라국
증기기관,사람,토머스뉴커먼
증기기관,학자,토머스뉴커먼
지구,지구,평행세계
미국,섬,하와이
호박,죽,호박죽
글자,거북이,갑골문자
군대,햄버거,군대리아
철,악기,금관악기
기차,사람,기관사
국가,꽃,나라꽃
도시,가스,도시가스
목재,이름,도장
애니메이션,애벌레,라바
연필,시간,몽땅연필
석유,연고,바셀린
바위,산,바위산
네덜란드,화가,반고흐
도로,태양,아지랑이
모래,태양,아지랑이
구슬,용,여의주
소금,밭,염전
개구리,풀피리,왕눈이
우물,개구리,우물안개구리
회사원,돈,월급
삐에로,테러리스트,조커
삐에로,총,조커
네덜란드,나라꽃,튤립
낮,신,헤메라
화석,학자,고고학자
군대,노래,군가
볶음김치,밥,김치볶음밥
날치,물고기알,날치알
자유의여신상,도시,뉴욕
밤,신,닉스
닭고기,죽,닭죽
산,도로,등산로
이탈리아,수도,로마
실,구슬,목걸이
김장김치,불,볶음김치
밥,도구,숟가락
임금,그림,어진
임금,도장,옥새
달,빛,월광
신,방패,이지스
제우스,방패,이지스
군함,이지스,이지스함
밥,도구,젓가락
플레잉카드,플레잉카드,카드덱
우유,죽,타락죽
다이아몬드,종이,플레잉카드
클로버,종이,플레잉카드
교도소,경찰,교도관
교도소,공무원,교도관
교도소,경비원,교도관
냉동실,자동차,냉동차
세발자전거,바퀴,네발자전거
동전,지갑,동전지갑
플레잉카드,사람,마술사
인형,인형,마트료시카
삶은콩,절구,메주
애벌레,시간,번데기
뜨거운물,콩,삶은콩
섬,국가,섬나라
물,온도,수온
시계,타워,시계탑
날치알,밥,알밥
날치알,비빔밥,알밥
어부,마을,어촌
바다,마을,어촌
우주,여행,우주여행
은하수,은하수,은하군
은하군,은하군,은하단
은하단,은하단,초은하단
사탕,아이스크림,캔디바
약국,솜,탈지면
병원,솜,탈지면
물고기,물고기,한손(세는단위)
승마,스톱워치,경마
승마,달리기,경마
승마,승마,경마
승마,돈,경마
경마,집,경마장
바다,우유,굴
금,금,금덩이
나비,지뢰,나비지뢰
평행세계,사람,도플갱어
오토바이,사람,라이더
오토바이,사람,배달부
배추,나비,배추흰나비
인터넷,경찰,사이버수사대
산,마을,산지촌
뜨거운물,순두부,순두부찌개
말,사람,승마
소금,소금,암염
소금,돌,암염
애견미용사,집,애견샵
지하철,주차장,지하철차량기지
대머리,에너지,크리링
바다,천사,클리오네
해변,고무타이어,튜브
바다,인삼,해삼
바다,화산,해저화산
부탄가스,가스레인지,가스버너
메주,소금물,간장
간장,치킨,간장치킨
고무,배,고무보트
학교,실험실,과학실
금,숟가락,금수저
꽃,도로,꽃길
미국,돈,달러
초가집,기와집,민속촌
초가집,초가집,민속촌
초가집,마을,민속촌
스마트폰,건전지,배터리
자동차,건전지,배터리
월광소나타,음악가,베토벤
꽃,압력,압화
언어,학자,언어학자
아프로디테,아기,에로스
월광,음악,월광소나타
시계,종,자명종
건전지,전선,전기회로
컴퓨터,책,전자책
스마트폰,책,전자책
공룡,풀,초식공룡
태양,바람,태양풍
풍선,종이꽃가루,파티
풍선,폭죽,파티
더위,옷,하복
사람,새,하피
나무,젓가락,나무젓가락
목재,젓가락,나무젓가락
벽지,벽지,도배
벽지,벽,도배
야생동물,방사능,돌연변이
고양이,물고기,메기
원자폭탄,폭발,방사능
벽,시계,벽걸이시계
가죽,악기,북
수도,군대,수도방위대
스마트폰,사람,스마트폰중독
북,궁궐,신문고
북,임금,신문고
스마트폰,프로그램,어플리케이션
히말라야산맥,등산가,엄홍길
염소(화학),수소,염화수소(염산)
쌀,집,정미소
곡물,집,정미소
배터리,전기,충전
양꼬치,술,칭타오
태양,폭발,태양플레어
프로그래밍언어,프로그래밍언어,프로그램
프로그래밍언어,프로그래머,프로그램
산맥,키다리,히말라야산맥
산맥,추위,히말라야산맥
산맥,눈,히말라야산맥
건초,건초,건초더미
광산,돌,광석
학교,나무,교목
학교,꽃,교화
도배,사람,도배사
시체,꽃,라플레시아
윈도우,사람,빌게이츠
윈도우,부자,빌게이츠
얼음,도로,빙판길
물고기,끓는기름,생선튀김
스테인드글라스,건물,성당
설탕,전분,슈가파우더
설탕,믹서기,슈가파우더
가야금,사람,우륵
일본,언어,일본어
캔,불,쥐불놀이
지구,사랑,지구사랑
햄버거,닭고기,치킨버거
햄버거,치킨,치킨버거
사자,염소,키메라
사자,뱀,키메라
생선튀김,감자튀김,피시앤드칩스
땅,신,가이아
가족,여행,가족여행
굴,짬뽕,굴짬뽕
농부,약,농약
농장,약,농약
당근,믹서기,당근쥬스
당근,케이크,당근케이크
로마,숫자,로마숫자
산,토끼,산토끼
국가,돈,세금
소,수레,소달구지
시계,바늘,시계분침
안개,꽃,안개꽃
국가,사랑,애국심
우비,어린이,우비소년
전쟁,아기,전쟁고아
사람,온도계,체온계
미국,명절,추수감사절
빵,꿀,허니브레드
지구사랑,사람,환경운동가
흙,숟가락,흙수저
알약,믹서기,가루약
알약,절구,가루약
글자,빛,간판
병원,사람,간호사
학교,생일,개교기념일
개구리,왕자,개구리왕자
개,새,개새(합성동물)
거북이,노인,거북도사
루피,노인,거프
우주,로봇,건담
오작교,사랑,견우와직녀
신발,고무,고무신
사람,돌,골렘
생명,돌,골렘
사람,절대반지,골룸
축구골대,축구선수,골키퍼
과일,빙수,과일빙수
신발,공주,구두
군인,달력,국군의날
군대,집,군부대
군인,집,군부대
올림픽,국가,그리스
독수리,사자,그리폰
가로등,사람,그림자
손오공,구름,근두운
금,올림픽,금메달
호랑이,한국프로야구,기아타이거즈
피노키오,거짓말,긴코피노키오
김장김치,냉장고,김치냉장고
김장김치,만두,김치만두
뜨거운물,김장김치,김치찌개
음악가,호랑나비,김흥국
거북이,물,꼬부기
꿀,물,꿀물
꿀,잼,꿀잼
신발,나무,나막신
신발,목재,나막신
나무,생명,나무괴물
해적,항해사,나미
간호사,천사,나이팅게일
손오공,스케이트보드,날아라슈퍼보드
코난,약,남도일
얼음,면발,냉면
냉장고,요리사,냉장고를부탁해
학자,다이나마이트,노벨
노인,바다,노인과바다
노인,집,노인정
도라에몽,사람,노진구
도라에몽,가족,노진구
농구,신발,농구화
악마,잼,누텔라
눈꽃,빙수,눈꽃빙수
사과나무,사람,뉴턴
사람,거북이,닌자거북이
강,도로,다리(도로)
종이,시간,달력
토끼,거북이,달리기
기사,시체,데스나이트
기사,스켈레톤,데스나이트
사신,책,데스노트
빵,반지,도너츠
고양이,로봇,도라에몽
둘리,외계인,도우너
한국,섬,독도
초음파,야생동물,돌고래
올림픽,눈,동계올림픽
올림픽,추위,동계올림픽
올림픽,얼음,동계올림픽
버섯,곤충,동충하초
아이스크림,돼지,돼지바
곰팡이,곡물,된장
된장,뜨거운물,된장찌개
두더지,망치,두더지게임
한국프로야구,북극곰,두산베어스
아기,공룡,둘리
용,사람,드래곤라이더
구슬,별,드래곤볼
술,신,디오니소스
와인,신,디오니소스
땅,콩,땅콩
땅콩,잼,땅콩잼
떡,어묵,떡볶이
불가사리,생명,뚱이
면발,떡볶이,라볶이
오리,고무,러버덕
비,신발,레인부츠
로봇,청소기,로봇청소기
토르,가족,로키
한국프로야구,갈매기,롯데자이언츠
돌,뱀,롱스톤
산타,가축,루돌프
슈퍼마리오,가족,루이지
고무,해적,루피
도마뱀,사람,리자드맨
옷,조각,마네킹
마늘,치킨,마늘치킨
다진마늘,치킨,마늘치킨
실,피노키오,마리오네뜨
슈퍼마리오,자동차,마리오카트
마스크,에너지,마스크맨
곡물,술,막걸리
곡물,시간,막걸리
쌀,술,막걸리
쌀,시간,막걸리
거짓말,달력,만우절
사과나무,사람,만유인력의법칙
의사,칼날,매스
컴퓨터,사과,맥PC
뱀,사람,메두사
미로,달리기,메이즈러너
마법사,운석,메테오
목화,사람,문익점
물,바퀴,물레방아
소,사람,미노타우르스
바나나,외계인,미니언즈
붕대,시체,미라
어린왕자,나무,바오밥나무
과일,설탕,잼
빵,전기,토스트기
육상선수,도구,신발
어린이,탐정,코난
광선검,사람,제다이
북극곰,캔,콜라
북극곰,탄산음료,콜라
종이,컵,종이컵
신,번개,제우스
운동회,지구,올림픽
원숭이,에너지,손오공
목재,생명,피노키오
지옥,임금,악마
나무,곰팡이,버섯
버섯,사람,슈퍼마리오
어린이,왕자,어린왕자
달리기,사람,육상선수
학교,종이꽃가루,운동회
물고기알,시간,물고기
어부,그물,물고기
달리기,전자시계,스톱워치
닭,불,치킨
프로그래밍언어,사람,프로그래머
케이크,사람,생일
미역국,사람,생일
얼음,믹서기,빙수
벌,나비,곤충
풀,야생동물,곤충
